--------------------------------------------------------
--  File created - Saturday-March-30-2024   
--------------------------------------------------------

REM INSERTING into TBL_USUARIOS
SET DEFINE OFF;
INSERT INTO TBL_USUARIOS(ID_USUARIO, NOMBRE, APELLIDO, CORREO, CONTRASENIA, FECHA_CREACION, UBICACION, BIOGRAFIA) VALUES (1, 'LUNA', 'MARTINEZ','LUNALATUNA@GMAIL.COM', 'MONDONG', to_date('2019-02-14','DD-MON-RR'), 'MEXICO', 'Lorem ipsum dolor sit amet');
INSERT INTO TBL_USUARIOS(ID_USUARIO, NOMBRE, APELLIDO, CORREO, CONTRASENIA, FECHA_CREACION, UBICACION, BIOGRAFIA) VALUES (2, 'JUAN', 'PEREZ', 'juan.perez@example.com', 'contraseña123', to_date('2021-08-30','YYYY-MM-DD'), 'España', 'Lorem ipsum dolor sit amet');
INSERT INTO TBL_USUARIOS(ID_USUARIO, NOMBRE, APELLIDO, CORREO, CONTRASENIA, FECHA_CREACION, UBICACION, BIOGRAFIA) VALUES (3, 'CARLOS', 'SANCHEZ', 'carlos.sanchez@example.com', 'clave123', to_date('2022-03-13','YYYY-MM-DD'), 'Chile', NULL);
INSERT INTO TBL_USUARIOS(ID_USUARIO, NOMBRE, APELLIDO, CORREO, CONTRASENIA, FECHA_CREACION, UBICACION, BIOGRAFIA) VALUES (4, 'ANA', 'LOPEZ', 'ana.lopez@example.com', 'contraseña456', to_date('2020-12-30','YYYY-MM-DD'), 'Perú', 'Lorem ipsum dolor sit amet');
INSERT INTO TBL_USUARIOS(ID_USUARIO, NOMBRE, APELLIDO, CORREO, CONTRASENIA, FECHA_CREACION, UBICACION, BIOGRAFIA) VALUES (5, 'MANUEL', 'FERNANDEZ', 'manuel.fernandez@example.com', 'pass321', to_date('2023-04-22','YYYY-MM-DD'), 'Estados Unidos', 'Lorem ipsum dolor sit amet');

REM INSERTING into TBL_REPOSITORIO
SET DEFINE OFF;
INSERT INTO TBL_REPOSITORIO(ID_REPOSITORIO, ID_USUARIO, NOMBRE_REPOSITORIO, DESCRIPTION, FECHA_CREACION_REPOSITORIO, FECHA_ULTIMA_ACTUALIZACION, NUMERO_ESTRELLAS, NUMERO_FORKS, LENGUAJE_PRINCIPAL, CANTIDAD_PULL, CANTIDAD_ISSUES) VALUES (1, 1, 'PROYECTO 1', NULL, to_date('2020-01-02','DD-MON-RR'), to_date('2020-04-22','DD-MON-RR'), 3, 4, 'C++', 5, 2);
INSERT INTO TBL_REPOSITORIO(ID_REPOSITORIO, ID_USUARIO, NOMBRE_REPOSITORIO, DESCRIPTION, FECHA_CREACION_REPOSITORIO, FECHA_ULTIMA_ACTUALIZACION, NUMERO_ESTRELLAS, NUMERO_FORKS, LENGUAJE_PRINCIPAL, CANTIDAD_PULL, CANTIDAD_ISSUES) VALUES (2, 1, 'PROYECTO 2', NULL, to_date('2020-03-16','DD-MON-RR'), to_date('2020-05-02','DD-MON-RR'), 6, 9, 'JAVA', 3, 2);
INSERT INTO TBL_REPOSITORIO(ID_REPOSITORIO, ID_USUARIO, NOMBRE_REPOSITORIO, DESCRIPTION, FECHA_CREACION_REPOSITORIO, FECHA_ULTIMA_ACTUALIZACION, NUMERO_ESTRELLAS, NUMERO_FORKS, LENGUAJE_PRINCIPAL, CANTIDAD_PULL, CANTIDAD_ISSUES) VALUES (3, 3, 'PROYECTO 3', NULL, to_date('2023-01-02','DD-MON-RR'), to_date('2023-04-22','DD-MON-RR'), 3, 4, 'JAVA', 5, 2);
INSERT INTO TBL_REPOSITORIO(ID_REPOSITORIO, ID_USUARIO, NOMBRE_REPOSITORIO, DESCRIPTION, FECHA_CREACION_REPOSITORIO, FECHA_ULTIMA_ACTUALIZACION, NUMERO_ESTRELLAS, NUMERO_FORKS, LENGUAJE_PRINCIPAL, CANTIDAD_PULL, CANTIDAD_ISSUES) VALUES (4, 2, 'PROYECTO 4', NULL, to_date('2022-03-16','DD-MON-RR'), to_date('2022-05-02','DD-MON-RR'), 6, 9, 'JAVASCRIPT', 3, 2);

REM INSERTING INTO TBL_SEGUIDORES
SET DEFINE OFF;
INSERT INTO TBL_SEGUIDORES (ID_SEGUIDOR, ID_USUARIO, FECHA_SEGUIDO, VISIBILIDAD) VALUES (1, 1, to_date('2022-03-16','DD-MON-RR'), 'PUBLICO');
INSERT INTO TBL_SEGUIDORES (ID_SEGUIDOR, ID_USUARIO, FECHA_SEGUIDO, VISIBILIDAD) VALUES (2, 1, to_date('2022-03-17','DD-MON-RR'), 'PUBLICO');
INSERT INTO TBL_SEGUIDORES (ID_SEGUIDOR, ID_USUARIO, FECHA_SEGUIDO, VISIBILIDAD) VALUES (3, 2, to_date('2022-04-18','DD-MON-RR'), 'PRIVADO');
INSERT INTO TBL_SEGUIDORES (ID_SEGUIDOR, ID_USUARIO, FECHA_SEGUIDO, VISIBILIDAD) VALUES (4, 3, to_date('2023-06-26','DD-MON-RR'), 'PUBLICO');
INSERT INTO TBL_SEGUIDORES (ID_SEGUIDOR, ID_USUARIO, FECHA_SEGUIDO, VISIBILIDAD) VALUES (5, 3, to_date('2024-07-16','DD-MON-RR'), 'PUBLICO');
INSERT INTO TBL_SEGUIDORES (ID_SEGUIDOR, ID_USUARIO, FECHA_SEGUIDO, VISIBILIDAD) VALUES (6, 4, to_date('2023-10-16','DD-MON-RR'), 'PUBLICO');
INSERT INTO TBL_SEGUIDORES (ID_SEGUIDOR, ID_USUARIO, FECHA_SEGUIDO, VISIBILIDAD) VALUES (7, 5, to_date('2023-12-14','DD-MON-RR'), 'PUBLICO');

REM INSERTING INTO TBL_CONTRIBUIDORES
SET DEFINE OFF;
INSERT INTO TBL_CONTRIBUIDORES(ID_CONTRIBUIDOR,ID_USUARIO, ID_REPOSITORIO, CANTIDAD_CONTRIBUICIONES, DATE_FIRST_CTRS, DATE_LATE_CTRS) VALUES(1, 1, 1, 3, to_date('2023-12-14','DD-MON-RR'), to_date('2023-12-15','DD-MON-RR'));

REM INSERTING INTO TBL_CONFIG_ACCESO_REPOSITORIO
SET DEFINE OFF;
INSERT INTO TBL_CONFIG_ACCESO_REPOSITORIO (ID_CONFIGURACION, ID_REPOSITORIO, TIPO_ACCESO, FECHA_CREACION) VALUES ();